001.png,Yjebb
002.png,Xhpmktil
003.png,Lhamtt
004.png,Szeo
005.png,Pisf
006.png,Chaya
007.png,Hrxvztzo
008.png,Yxg
009.png,Utaz
010.png,Zihekno
011.png,Ihk
012.png,Sbq
013.png,Fqe
014.png,Acf
015.png,Vafjgej
016.png,Nby
017.png,Oimm
018.png,Pze
019.png,Omzd
020.png,Uqvy
021.png,Poasv
022.png,Gczw
023.png,Mshmhes
024.png,Cxgpvndq
025.png,Gusq
026.png,Jqiiq
027.png,Kmy
028.png,Temcsyu
029.png,Pemquyfn
030.png,Ipozk
031.png,Vnjy
032.png,Elp
033.png,Cpalifzs
034.png,Obt
035.png,Uymd
036.png,Adbtzmym
037.png,Vqllj
038.png,Djq
039.png,Berskey
040.png,Jpz
041.png,Gmvflu
042.png,Yotegb
043.png,Mzmz
044.png,Bmtxpi
045.png,Xou
046.png,Eric
047.png,Wrzvgnt
048.png,Cpaqidlp
049.png,Mricfjrb
050.png,Otx
051.png,Brbep
052.png,Fhuakqu
053.png,Llddbkmw
054.png,Kxuqhqu
055.png,Kdwz
056.png,Duuc
057.png,Kdkvfs
058.png,Cdb
059.png,Ipvqrwm
060.png,Hmk
061.png,Iedfar
062.png,Ajx
063.png,Qlkgn
064.png,Duvuyy
065.png,Dtdxi
066.png,Sgmfot
067.png,Vnxpno
068.png,Pkssd
069.png,Pgo
070.png,Yhuxf
071.png,Fhhzij
072.png,Rfdhtfbx
073.png,Fqvl
074.png,Gcn
075.png,Hou
076.png,Zzm
077.png,Axv
078.png,Cbmzkcbu
079.png,Xdsb
080.png,Qxpttmrr
081.png,Xxt
082.png,Iqd
083.png,Ctzy
084.png,Wdmci
085.png,Diw
086.png,Wxjnyi
087.png,Lez
088.png,Xdd
089.png,Gja
090.png,Kvvwao
091.png,Xolmsu
092.png,Irwcigub
093.png,Dksr
094.png,Ykuswvu
095.png,Iib
096.png,Txnvam
097.png,Zzbb
098.png,Ymqap
099.png,Vvfdgtz
100.png,Ogkovqm
