001.png,kthstsyc
002.png,piwwmuo
003.png,iaicae
004.png,schcq
005.png,xdlqeimE
006.png,oqfq
007.png,rei
008.png,ywkbzw
009.png,oykxzms
010.png,oluefmog
011.png,pvspeazt
012.png,gsgpa
013.png,ganox
014.png,xnizimde
015.png,xfremk
016.png,clk
017.png,mvd
018.png,fow
019.png,whppg
020.png,zsvu
021.png,pfxjp
022.png,uhmi
023.png,ytz
024.png,dlxmajp
025.png,pwmj
026.png,qyryx
027.png,qvbzgHqu
028.png,hsox
029.png,jlf
030.png,ghvxn
031.png,reckyrbt
032.png,mymu
033.png,rrcr
034.png,salslb
035.png,chzpui
036.png,vqlktq
037.png,xhqagcrp
038.png,mdeje
039.png,ymcnctbj
040.png,wfpi
041.png,nsdd
042.png,pwc
043.png,nsohgfao
044.png,urjf
045.png,qJjejm
046.png,pgf
047.png,vvDwnb
048.png,uezbijis
049.png,ajsbvd
050.png,wnti
051.png,smilkl
052.png,jeormia
053.png,lgxe
054.png,xzchXz
055.png,wjoqa
056.png,ybqm
057.png,nOwswqv
058.png,howr
059.png,ldgx
060.png,rxcmUx
061.png,kdoe
062.png,ckfca
063.png,sczdtpzi
064.png,txkb
065.png,xhmrkbr
066.png,dgEmqbpm
067.png,eIzek
068.png,yrsocotS
069.png,hhntzhm
070.png,Zqd
071.png,lsubrdd
072.png,ianuoa
073.png,mnh
074.png,rwgtd
075.png,vncejx
076.png,wdztvqp
077.png,twwlkofm
078.png,hdkgnh
079.png,rbap
080.png,cihasi
081.png,hnw
082.png,mjd
083.png,urcjhiof
084.png,fKc
085.png,rzhy
086.png,shx
087.png,sxZd
088.png,Kdeqd
089.png,Slbx
090.png,lnyias
091.png,eaamiqE
092.png,dpQ
093.png,pufb
094.png,eqa
095.png,lyygp
096.png,zpksnhh
097.png,kngbaak
098.png,xfxtz
099.png,ijmi
100.png,wckli
